Model,a,b
Roll,0.9292831579001578,-0.0014228903469241032
Pitch,0.9273613109296343,0.0014494689486508332
Yaw,0.9143959550568742,0.009057059467806881
Z,0.9068965015130024,0.009749714970891584
